[
    {
        "set_num": "1000598000-1",
        "name": "Star Wars: The Force Awakens Deluxe Edition - PS3",
        "year": "2016",
        "theme_id": "742",
        "num_parts": "0",
        "img_url": "https://cdn.rebrickable.com/media/sets/1000598000-1.jpg"
    },
    {
        "set_num": "1000600263-1",
        "name": "Star Wars: The Force Awakens - PS3",
        "year": "2016",
        "theme_id": "742",
        "num_parts": "0",
        "img_url": "https://cdn.rebrickable.com/media/sets/1000600263-1.jpg"
    },
    {
        "set_num": "10006-1",
        "name": "1 x 6 Sand Red Bricks",
        "year": "2001",
        "theme_id": "254",
        "num_parts": "50",
        "img_url": "https://cdn.rebrickable.com/media/sets/10006-1.jpg"
    },
    {
        "set_num": "1000629598-1",
        "name": "Harry Potter Collection - PS4",
        "year": "2016",
        "theme_id": "742",
        "num_parts": "0",
        "img_url": "https://cdn.rebrickable.com/media/sets/1000629598-1.jpg"
    },
    {
        "set_num": "1000643461-1",
        "name": "Marvel Super Heroes 2 - Xbox One",
        "year": "2017",
        "theme_id": "742",
        "num_parts": "0",
        "img_url": "https://cdn.rebrickable.com/media/sets/1000643461-1.jpg"
    },
    {
        "set_num": "1000648795-1",
        "name": "Marvel Super Heroes 2 - PS4",
        "year": "2017",
        "theme_id": "742",
        "num_parts": "0",
        "img_url": "https://cdn.rebrickable.com/media/sets/1000648795-1.jpg"
    },
    {
        "set_num": "1000692713-1",
        "name": "Marvel Super Heroes 2 - Nintendo Switch",
        "year": "2017",
        "theme_id": "742",
        "num_parts": "0",
        "img_url": "https://cdn.rebrickable.com/media/sets/1000692713-1.jpg"
    },
    {
        "set_num": "1000704831-2",
        "name": "The Incredibles - Nintendo Switch",
        "year": "2019",
        "theme_id": "742",
        "num_parts": "0",
        "img_url": "https://cdn.rebrickable.com/media/sets/1000704831-2.jpg"
    },
    {
        "set_num": "1000704832-13",
        "name": "The Incredibles - PS4",
        "year": "2019",
        "theme_id": "742",
        "num_parts": "0",
        "img_url": "https://cdn.rebrickable.com/media/sets/1000704832-13.jpg"
    },
    {
        "set_num": "1000709804-1",
        "name": "DC Super-Villains - Nintendo Switch",
        "year": "2018",
        "theme_id": "742",
        "num_parts": "0",
        "img_url": "https://cdn.rebrickable.com/media/sets/1000709804-1.jpg"
    },
    {
        "set_num": "1000709806-1",
        "name": "DC Super-Villains - PS4",
        "year": "2018",
        "theme_id": "742",
        "num_parts": "0",
        "img_url": "https://cdn.rebrickable.com/media/sets/1000709806-1.jpg"
    },
    {
        "set_num": "1000709807-1",
        "name": "The Incredibles - Xbox One",
        "year": "2019",
        "theme_id": "742",
        "num_parts": "0",
        "img_url": "https://cdn.rebrickable.com/media/sets/1000709807-1.jpg"
    },
    {
        "set_num": "10007-1",
        "name": "2 x 4 Sand Red Ridge Roof Tiles Steep Slope",
        "year": "2001",
        "theme_id": "254",
        "num_parts": "25",
        "img_url": "https://cdn.rebrickable.com/media/sets/10007-1.jpg"
    },
    {
        "set_num": "1000724950-1",
        "name": "Harry Potter Collection - Xbox One",
        "year": "2016",
        "theme_id": "742",
        "num_parts": "0",
        "img_url": "https://cdn.rebrickable.com/media/sets/1000724950-1.jpg"
    },
    {
        "set_num": "1000724951-1",
        "name": "Harry Potter Collection - Nintendo Switch",
        "year": "2016",
        "theme_id": "742",
        "num_parts": "0",
        "img_url": "https://cdn.rebrickable.com/media/sets/1000724951-1.jpg"
    },
    {
        "set_num": "1000739974-1",
        "name": "The LEGO Movie 2 Videogame - Nintendo Switch",
        "year": "2019",
        "theme_id": "742",
        "num_parts": "0",
        "img_url": "https://cdn.rebrickable.com/media/sets/1000739974-1.jpg"
    },
    {
        "set_num": "1000739975-1",
        "name": "The LEGO Movie 2 Videogame - PS4",
        "year": "2019",
        "theme_id": "742",
        "num_parts": "0",
        "img_url": "https://cdn.rebrickable.com/media/sets/1000739975-1.jpg"
    },
    {
        "set_num": "1000739976-1",
        "name": "The LEGO Movie 2 Videogame - Xbox One",
        "year": "2019",
        "theme_id": "742",
        "num_parts": "0",
        "img_url": "https://cdn.rebrickable.com/media/sets/1000739976-1.jpg"
    },
    {
        "set_num": "1000746530-1",
        "name": "Jurassic World - Nintendo Switch",
        "year": "2015",
        "theme_id": "742",
        "num_parts": "0",
        "img_url": "https://cdn.rebrickable.com/media/sets/1000746530-1.jpg"
    },
    {
        "set_num": "10008-1",
        "name": "2 x 4 Roof Tile Sand Red",
        "year": "2001",
        "theme_id": "254",
        "num_parts": "50",
        "img_url": "https://cdn.rebrickable.com/media/sets/10008-1.jpg"
    },
    {
        "set_num": "10009-1",
        "name": "Assorted Blue Bricks",
        "year": "2001",
        "theme_id": "254",
        "num_parts": "62",
        "img_url": "https://cdn.rebrickable.com/media/sets/10009-1.jpg"
    },
    {
        "set_num": "100-1",
        "name": "4.5V Motor with Wheels (Small Version)",
        "year": "1966",
        "theme_id": "235",
        "num_parts": "15",
        "img_url": "https://cdn.rebrickable.com/media/sets/100-1.jpg"
    },
    {
        "set_num": "10010-1",
        "name": "Assorted Yellow Bricks",
        "year": "2003",
        "theme_id": "254",
        "num_parts": "62",
        "img_url": "https://cdn.rebrickable.com/media/sets/10010-1.jpg"
    },
    {
        "set_num": "10011-1",
        "name": "Assorted Blue Plates",
        "year": "2001",
        "theme_id": "254",
        "num_parts": "42",
        "img_url": "https://cdn.rebrickable.com/media/sets/10011-1.jpg"
    },
    {
        "set_num": "10012-1",
        "name": "Assorted Yellow Plates",
        "year": "2001",
        "theme_id": "254",
        "num_parts": "42",
        "img_url": "https://cdn.rebrickable.com/media/sets/10012-1.jpg"
    },
    {
        "set_num": "10013-1",
        "name": "Open Freight Wagon",
        "year": "2001",
        "theme_id": "236",
        "num_parts": "121",
        "img_url": "https://cdn.rebrickable.com/media/sets/10013-1.jpg"
    },
    {
        "set_num": "10014-1",
        "name": "Caboose",
        "year": "2001",
        "theme_id": "236",
        "num_parts": "170",
        "img_url": "https://cdn.rebrickable.com/media/sets/10014-1.jpg"
    },
    {
        "set_num": "10015-1",
        "name": "Passenger Wagon",
        "year": "2001",
        "theme_id": "236",
        "num_parts": "194",
        "img_url": "https://cdn.rebrickable.com/media/sets/10015-1.jpg"
    },
    {
        "set_num": "10016-1",
        "name": "Tanker",
        "year": "2001",
        "theme_id": "236",
        "num_parts": "128",
        "img_url": "https://cdn.rebrickable.com/media/sets/10016-1.jpg"
    },
    {
        "set_num": "10017-1",
        "name": "Hopper Wagon",
        "year": "2001",
        "theme_id": "236",
        "num_parts": "228",
        "img_url": "https://cdn.rebrickable.com/media/sets/10017-1.jpg"
    },
    {
        "set_num": "10018-1",
        "name": "Darth Maul",
        "year": "2001",
        "theme_id": "171",
        "num_parts": "1868",
        "img_url": "https://cdn.rebrickable.com/media/sets/10018-1.jpg"
    },
    {
        "set_num": "10019-1",
        "name": "Rebel Blockade Runner",
        "year": "2001",
        "theme_id": "171",
        "num_parts": "1748",
        "img_url": "https://cdn.rebrickable.com/media/sets/10019-1.jpg"
    },
    {
        "set_num": "100-2",
        "name": "4.5V Motor with Wheels (Large Version)",
        "year": "1966",
        "theme_id": "235",
        "num_parts": "27",
        "img_url": "https://cdn.rebrickable.com/media/sets/100-2.jpg"
    },
    {
        "set_num": "10020-1",
        "name": "Santa Fe Super Chief",
        "year": "2002",
        "theme_id": "236",
        "num_parts": "435",
        "img_url": "https://cdn.rebrickable.com/media/sets/10020-1.jpg"
    },
    {
        "set_num": "10020-2",
        "name": "Santa Fe Super Chief - Limited Edition",
        "year": "2002",
        "theme_id": "236",
        "num_parts": "441",
        "img_url": "https://cdn.rebrickable.com/media/sets/10020-2.jpg"
    },
    {
        "set_num": "10021-1",
        "name": "U.S.S. Constellation",
        "year": "2003",
        "theme_id": "404",
        "num_parts": "975",
        "img_url": "https://cdn.rebrickable.com/media/sets/10021-1.jpg"
    },
    {
        "set_num": "10022-1",
        "name": "Santa Fe Cars - Set II (dining, observation, or sleeping car)",
        "year": "2002",
        "theme_id": "236",
        "num_parts": "411",
        "img_url": "https://cdn.rebrickable.com/media/sets/10022-1.jpg"
    },
    {
        "set_num": "10023-1",
        "name": "Master Builder Set",
        "year": "2002",
        "theme_id": "324",
        "num_parts": "111",
        "img_url": "https://cdn.rebrickable.com/media/sets/10023-1.jpg"
    },
    {
        "set_num": "10024-1",
        "name": "Red Baron",
        "year": "2002",
        "theme_id": "673",
        "num_parts": "670",
        "img_url": "https://cdn.rebrickable.com/media/sets/10024-1.jpg"
    },
    {
        "set_num": "10025-1",
        "name": "Santa Fe Cars - Set I (mail or baggage car)",
        "year": "2002",
        "theme_id": "236",
        "num_parts": "326",
        "img_url": "https://cdn.rebrickable.com/media/sets/10025-1.jpg"
    }
]